,symbol
0,AAA
1,AAAU
2,AADR
3,AAIT
4,AAPB
5,AAPD
6,AAPU
7,AAXJ
8,ABEQ
9,ACES
10,ACIO
11,ACSI
12,ACT
13,ACTV
14,ACVF
15,ACWF
16,ACWI
17,ACWV
18,ACWX
19,ADFI
20,ADIV
21,ADME
22,ADPV
23,ADRD
24,ADRE
25,ADRU
26,ADVE
27,AEB
28,AEMB
29,AESR
30,AETH
31,AFIF
32,AFK
33,AFLG
34,AFMC
35,AFSM
36,AFTY
37,AGG
38,AGGE
39,AGGH
40,AGGY
41,AGIH
42,AGND
43,AGNG
44,AGOV
45,AGOX
46,AGQ
47,AGRH
48,AGT
49,AGZ
50,AGZD
51,AHHX
52,AHLT
53,AHOY
54,AHYB
55,AIA
56,AIDB
57,AIEQ
58,AIIQ
59,AILG
60,AILV
61,AIQ
62,AIRR
63,AIVI
64,AIVL
65,ALD
66,ALFA
67,ALTL
68,ALTS
69,ALTY
70,AMAX
71,AMCA
72,AMDS
73,AMDY
74,AMER
75,AMJ
76,AMLP
77,AMNA
78,AMND
79,AMOM
80,AMPD
81,AMU
82,AMZA
83,AMZD
84,AMZU
85,AMZY
86,ANEW
87,ANGL
88,AOA
89,AOIL
90,AOK
91,AOM
92,AOR
93,AOTG
94,APCB
95,APEMY
96,APIE
97,APLY
98,APMU
99,APRD
100,APRH
101,APRJ
102,APRQ
103,APRT
104,APRW
105,APRZ
106,APUE
107,APXH
108,AQGX
109,AQWA
110,ARB
111,ARCAY
112,ARCM
113,ARGD
114,ARGT
115,ARKF
116,ARKG
117,ARKK
118,ARKQ
119,ARKW
120,ARKX
121,ARMR
122,ARVR
123,ASEA
124,ASET
125,ASHR
126,ASHS
127,ASHX
128,ASIA
129,ASMIY
130,ASPY
131,ATFV
132,ATMP
133,AUGT
134,AUGW
135,AUGZ
136,AUSF
137,AVDE
138,AVDG
139,AVDS
140,AVDV
141,AVEM
142,AVES
143,AVGE
144,AVGV
145,AVIE
146,AVIG
147,AVIV
148,AVLC
149,AVLV
150,AVMA
151,AVMU
152,AVNM
153,AVNV
154,AVRE
155,AVSC
156,AVSD
157,AVSE
158,AVSF
159,AVSU
160,AVUS
161,AVUV
162,AWAY
163,AWEG
164,AWTM
165,AWYX
166,AXJL
167,AXJV
168,AZAA
169,AZAJ
170,AZAL
171,AZAO
172,AZBA
173,AZBJ
174,AZBL
175,AZBO
176,AZTD
177,BAB
178,BABX
179,BAD
180,BAL
181,BALI
182,BALT
183,BAMA
184,BAMB
185,BAMD
186,BAMG
187,BAMO
188,BAMU
189,BAMV
190,BAMY
191,BAPR
192,BAR
193,BATT
194,BAUG
195,BBAG
196,BBAX
197,BBC
198,BBCA
199,BBCB
200,BBEM
201,BBEU
202,BBH
203,BBHY
204,BBIB
205,BBIN
206,BBIP
207,BBJP
208,BBLB
209,BBLU
210,BBMC
211,BBP
212,BBRE
213,BBSA
214,BBSB
215,BBSC
216,BBUS
217,BCD
218,BCDF
219,BCHP
220,BCI
221,BCIM
222,BCM
223,BCNA
224,BDCS
225,BDCX
226,BDCY
227,BDCZ
228,BDEC
229,BDGS
230,BDRY
231,BDVG
232,BDXA
233,BECO
234,BEDZ
235,BEMB
236,BERZ
237,BESIY
238,BETE
239,BETH
240,BETZ
241,BFEB
242,BFIT
243,BFIX
244,BFOR
245,BFTR
246,BGIG
247,BGLD
248,BGRN
249,BIB
250,BIBL
251,BICK
252,BIDS
253,BIGB
254,BIGT
255,BIGY
256,BIL
257,BILS
258,BILZ
259,BINC
260,BINV
261,BIS
262,BITC
263,BITI
264,BITO
265,BITQ
266,BITS
267,BITX
268,BIV
269,BIZD
270,BJAN
271,BJK
272,BJUL
273,BJUN
274,BKAG
275,BKCH
276,BKCI
277,BKEM
278,BKES
279,BKF
280,BKGI
281,BKHY
282,BKIE
283,BKIS
284,BKISF
285,BKIV
286,BKLC
287,BKLN
288,BKMC
289,BKSB
290,BKSE
291,BKUI
292,BKUS
293,BKWO
294,BLCN
295,BLCV
296,BLDG
297,BLES
298,BLHY
299,BLKC
300,BLKIF
301,BLKXF
302,BLLD
303,BLOK
304,BLV
305,BMAR
306,BMAY
307,BMCBF
308,BMED
309,BMVP
310,BND
311,BNDC
312,BNDD
313,BNDI
314,BNDW
315,BNDX
316,BNE
317,BNGE
318,BNKSF
319,BNO
320,BNOV
321,BOAT
322,BOB
323,BOCT
324,BOIL
325,BOND
326,BOON
327,BOSS
328,BOTZ
329,BOUT
330,BOXX
331,BPAY
332,BRAZ
333,BRF
334,BRKY
335,BRLN
336,BRNY
337,BRZU
338,BSBE
339,BSCE
340,BSCK
341,BSCL
342,BSCM
343,BSCN
344,BSCO
345,BSCP
346,BSCQ
347,BSCR
348,BSCS
349,BSCT
350,BSCU
351,BSCV
352,BSCW
353,BSCX
354,BSDE
355,BSEA
356,BSEP
357,BSJG
358,BSJI
359,BSJJ
360,BSJK
361,BSJL
362,BSJM
363,BSJN
364,BSJO
365,BSJP
366,BSJQ
367,BSJR
368,BSJS
369,BSJT
370,BSJU
371,BSJV
372,BSML
373,BSMM
374,BSMN
375,BSMO
376,BSMP
377,BSMQ
378,BSMR
379,BSMS
380,BSMT
381,BSMU
382,BSMV
383,BSMW
384,BSR
385,BSSX
386,BSTP
387,BSV
388,BSVO
389,BTAL
390,BTCQF
391,BTCR
392,BTEC
393,BTEK
394,BTF
395,BTHM
396,BTOP
397,BTR
398,BTYS
399,BUCK
400,BUDX
401,BUFB
402,BUFD
403,BUFG
404,BUFQ
405,BUFR
406,BUFT
407,BUG
408,BUL
409,BULD
410,BULZ
411,BUSA
412,BUXX
413,BUY
414,BUYN
415,BUYW
416,BUYZ
417,BUZ
418,BUZZ
419,BWEB
420,BWET
421,BWX
422,BWZ
423,BYLD
424,BYOB
425,BYRE
426,BYTE
427,BZQ
428,CACG
429,CAFG
430,CALF
431,CALY
432,CAML
433,CAMX
434,CANC
435,CANE
436,CAOS
437,CAPE
438,CARD
439,CARU
440,CARY
441,CARZ
442,CATH
443,CBLS
444,CBON
445,CBSE
446,CCOR
447,CCRV
448,CCSO
449,CDC
450,CDEI
451,CDL
452,CDX
453,CEFA
454,CEFD
455,CEFS
456,CEFZ
457,CEMB
458,CETF
459,CEW
460,CEWUF
461,CEY
462,CEZ
463,CFA
464,CFCV
465,CFO
466,CGBL
467,CGCB
468,CGCP
469,CGDG
470,CGDV
471,CGGO
472,CGGR
473,CGIE
474,CGMS
475,CGMU
476,CGSD
477,CGSM
478,CGUS
479,CGV
480,CGW
481,CGXU
482,CHAD
483,CHAT
484,CHAU
485,CHB
486,CHEP
487,CHGX
488,CHIC
489,CHIE
490,CHIH
491,CHII
492,CHIK
493,CHIL
494,CHIM
495,CHIQ
496,CHIR
497,CHIS
498,CHIU
499,CHIX
500,CHLD
501,CHNA
502,CHNYF
503,CHPS
504,CHRG
505,CIBR
506,CID
507,CIL
508,CIRC
509,CIZ
510,CJNK
511,CLAYF
512,CLDL
513,CLDS
514,CLIA
515,CLIP
516,CLIX
517,CLMA
518,CLNR
519,CLOI
520,CLOU
521,CLOX
522,CLOZ
523,CLRG
524,CLSA
525,CLSC
526,CLSE
527,CLSM
528,CLTL
529,CLY
530,CLYAF
531,CMBS
532,CMDT
533,CMDY
534,CMF
535,CN
536,CNBS
537,CNCR
538,CNFRL
539,CNHX
540,CNPF
541,CNRG
542,CNTR
543,CNXT
544,CNY
545,CNYA
546,COM
547,COMB
548,COMG
549,COMT
550,CONL
551,CONY
552,COPJ
553,COPX
554,CORN
555,CORP
556,COW
557,COWS
558,COWZ
559,CPER
560,CPI
561,CPII
562,CPTFF
563,CQQQ
564,CRAK
565,CRBN
566,CRDT
567,CRED
568,CRIT
569,CROC
570,CROP
571,CRPT
572,CRUZ
573,CRYP
574,CSA
575,CSB
576,CSD
577,CSF
578,CSHI
579,CSM
580,CSMD
581,CSML
582,CTA
583,CTEC
584,CTEX
585,CTRU
586,CUBS
587,CURE
588,CUT
589,CVAR
590,CVIE
591,CVLC
592,CVMC
593,CVRD
594,CVRT
595,CVSB
596,CVSE
597,CVY
598,CWB
599,CWEB
600,CWI
601,CWS
602,CXSE
603,CYA
604,CYB
605,CYSXF
606,CZA
607,DALI
608,DALT
609,DAM
610,DAPP
611,DAPR
612,DARP
613,DAT
614,DAUD
615,DAUG
616,DAX
617,DBA
618,DBAW
619,DBB
620,DBC
621,DBE
622,DBEF
623,DBEH
624,DBEM
625,DBEU
626,DBEZ
627,DBGR
628,DBJA
629,DBJP
630,DBKO
631,DBLV
632,DBMF
633,DBND
634,DBO
635,DBOC
636,DBP
637,DBS
638,DBV
639,DCHF
640,DCMB
641,DCOR
642,DDEC
643,DDEZ
644,DDG
645,DDIV
646,DDLS
647,DDM
648,DDWM
649,DECT
650,DECW
651,DECZ
652,DEED
653,DEEF
654,DEF
655,DEFA
656,DEFI
657,DEHP
658,DEIF
659,DEM
660,DEMG
661,DEMZ
662,DES
663,DESC
664,DESK
665,DEUR
666,DEUS
667,DEW
668,DFAC
669,DFAE
670,DFAI
671,DFAR
672,DFAS
673,DFAT
674,DFAU
675,DFAW
676,DFAX
677,DFCA
678,DFCF
679,DFE
680,DFEB
681,DFEM
682,DFEN
683,DFEV
684,DFGR
685,DFHY
686,DFIC
687,DFIP
688,DFIS
689,DFIV
690,DFJ
691,DFLV
692,DFND
693,DFNL
694,DFNM
695,DFNV
696,DFRA
697,DFSB
698,DFSD
699,DFSE
700,DFSI
701,DFSU
702,DFSV
703,DFUS
704,DFUV
705,DGBP
706,DGIN
707,DGL
708,DGRE
709,DGRO
710,DGRS
711,DGRW
712,DGS
713,DGT
714,DGZ
715,DHDG
716,DHS
717,DHYAF
718,DIA
719,DIAL
720,DIEM
721,DIET
722,DIG
723,DIHP
724,DIM
725,DINT
726,DIP
727,DISO
728,DISV
729,DIV
730,DIVA
731,DIVB
732,DIVC
733,DIVD
734,DIVI
735,DIVL
736,DIVO
737,DIVS
738,DIVY
739,DIVZ
740,DJAN
741,DJCB
742,DJD
743,DJIA
744,DJP
745,DJSCF
746,DJUL
747,DJUN
748,DLBR
749,DLBS
750,DLN
751,DLS
752,DMAR
753,DMAT
754,DMAY
755,DMBS
756,DMCY
757,DMDV
758,DMRE
759,DMRI
760,DMRL
761,DMRM
762,DMRS
763,DMXF
764,DNL
765,DNO
766,DNOV
767,DOCT
768,DOG
769,DOGG
770,DOGS
771,DOL
772,DON
773,DOO
774,DOZR
775,DPK
776,DPST
777,DRIP
778,DRIV
779,DRLL
780,DRN
781,DRSK
782,DRUA
783,DRUP
784,DRV
785,DRVN
786,DRW
787,DSCF
788,DSEP
789,DSI
790,DSJA
791,DSMC
792,DSOC
793,DSPC
794,DSTL
795,DSTX
796,DTD
797,DTEC
798,DTH
799,DTN
800,DTO
801,DTOX
802,DTRE
803,DTUL
804,DTUS
805,DTW
806,DTY
807,DTYL
808,DTYS
809,DUAL
810,DUBS
811,DUDE
812,DUG
813,DUHP
814,DUKB
815,DUKH
816,DULL
817,DURA
818,DUSA
819,DUSB
820,DUSL
821,DUST
822,DVAL
823,DVEM
824,DVHL
825,DVLU
826,DVND
827,DVOL
828,DVOP
829,DVP
830,DVY
831,DVYA
832,DVYE
833,DWAQ
834,DWAS
835,DWAT
836,DWAW
837,DWCR
838,DWEQ
839,DWFI
840,DWIN
841,DWLD
842,DWM
843,DWMC
844,DWMF
845,DWPP
846,DWSH
847,DWTR
848,DWUS
849,DWX
850,DXD
851,DXGE
852,DXJ
853,DXJS
854,DXJT
855,DYB
856,DYLD
857,DYLG
858,DYLS
859,DYNF
860,DYTA
861,DZK
862,DZZ
863,EAFD
864,EAGG
865,EALT
866,EAOA
867,EAOK
868,EAOM
869,EAOR
870,EAPR
871,EASG
872,EASI
873,EATV
874,EATZ
875,EAUSF
876,EBIZ
877,EBND
878,ECCY
879,ECH
880,ECLN
881,ECML
882,ECNS
883,ECON
884,ECOW
885,ECOZ
886,ECYWF
887,EDC
888,EDEN
889,EDIV
890,EDOC
891,EDOG
892,EDOM
893,EDOW
894,EDUT
895,EDV
896,EDZ
897,EEB
898,EELV
899,EEM
900,EEMA
901,EEMD
902,EEMO
903,EEMS
904,EEMV
905,EEMX
906,EERN
907,EES
908,EET
909,EETH
910,EEV
911,EFA
912,EFAD
913,EFAS
914,EFAV
915,EFAX
916,EFG
917,EFIV
918,EFIX
919,EFNL
920,EFO
921,EFRA
922,EFU
923,EFUT
924,EFV
925,EFZ
926,EGIS
927,EGPT
928,EGUS
929,EIDO
930,EINC
931,EIPX
932,EIRL
933,EIS
934,EJAN
935,EJUL
936,EKG
937,ELC
938,ELD
939,ELQD
940,EMAG
941,EMB
942,EMBD
943,EMBH
944,EMC
945,EMCA
946,EMCB
947,EMCG
948,EMCH
949,EMCR
950,EMDM
951,EMDV
952,EMEM
953,EMFM
954,EMFQ
955,EMGD
956,EMGF
957,EMHC
958,EMHY
959,EMIF
960,EMIH
961,EMLC
962,EMLP
963,EMM
964,EMMF
965,EMNT
966,EMQQ
967,EMSF
968,EMSG
969,EMSWF
970,EMTL
971,EMTY
972,EMXC
973,EMXF
974,EMZA
975,ENFR
976,ENJ
977,ENOR
978,ENRG
979,ENTR
980,ENZL
981,EOCT
982,EOPS
983,EPHE
984,EPI
985,EPOL
986,EPP
987,EPRE
988,EPRF
989,EPS
990,EPU
991,EPV
992,EQAL
993,EQL
994,EQLS
995,EQOP
996,EQRR
997,EQTY
998,EQUL
999,EQWL
1000,EQWM
1001,ERCTF
1002,ERET
1003,ERM
1004,ERSX
1005,ERTH
1006,ERUS
1007,ERX
1008,ERY
1009,ESG
1010,ESGA
1011,ESGB
1012,ESGD
1013,ESGE
1014,ESGF
1015,ESGG
1016,ESGL
1017,ESGN
1018,ESGS
1019,ESGU
1020,ESGV
1021,ESGW
1022,ESGY
1023,ESIX
1024,ESML
1025,ESMV
1026,ESPO
1027,ESUS
1028,ETHO
1029,EU
1030,EUCG
1031,EUDG
1032,EUDV
1033,EUFL
1034,EUFN
1035,EUFX
1036,EUM
1037,EUMF
1038,EUMV
1039,EUO
1040,EURL
1041,EURZ
1042,EUSA
1043,EUSB
1044,EUSC
1045,EUXL
1046,EVAV
1047,EVEN
1048,EVIX
1049,EVMT
1050,EVNT
1051,EVX
1052,EVXX
1053,EWA
1054,EWC
1055,EWCO
1056,EWD
1057,EWEB
1058,EWEM
1059,EWG
1060,EWGS
1061,EWH
1062,EWI
1063,EWJ
1064,EWJE
1065,EWJV
1066,EWK
1067,EWL
1068,EWM
1069,EWMC
1070,EWN
1071,EWO
1072,EWP
1073,EWQ
1074,EWRE
1075,EWS
1076,EWSC
1077,EWT
1078,EWU
1079,EWUS
1080,EWV
1081,EWW
1082,EWX
1083,EWY
1084,EWZ
1085,EWZS
1086,EXI
1087,EXIV
1088,EXT
1089,EYLD
1090,EZA
1091,EZJ
1092,EZM
1093,EZU
1094,FAAR
1095,FAB
1096,FAD
1097,FAHYF
1098,FAIL
1099,FALN
1100,FAN
1101,FAPR
1102,FAS
1103,FATT
1104,FAUG
1105,FAUS
1106,FAZ
1107,FBCG
1108,FBCV
1109,FBGX
1110,FBL
1111,FBND
1112,FBOT
1113,FBT
1114,FBY
1115,FBZ
1116,FCA
1117,FCAL
1118,FCAN
1119,FCEF
1120,FCFY
1121,FCG
1122,FCLD
1123,FCOM
1124,FCOR
1125,FCPI
1126,FCSH
1127,FCTR
1128,FCUS
1129,FCVT
1130,FDAT
1131,FDCE
1132,FDCF
1133,FDD
1134,FDEC
1135,FDEM
1136,FDEV
1137,FDFF
1138,FDG
1139,FDGR
1140,FDHT
1141,FDHY
1142,FDIF
1143,FDIG
1144,FDIS
1145,FDIV
1146,FDL
1147,FDLO
1148,FDLS
1149,FDM
1150,FDMO
1151,FDN
1152,FDNI
1153,FDRR
1154,FDRV
1155,FDT
1156,FDTB
1157,FDTS
1158,FDTX
1159,FDV
1160,FDVL
1161,FDVV
1162,FDWM
1163,FEBT
1164,FEBW
1165,FEBZ
1166,FEDL
1167,FEDM
1168,FEEM
1169,FEEU
1170,FEHY
1171,FEIG
1172,FEM
1173,FEMA
1174,FEMB
1175,FEMS
1176,FENY
1177,FEP
1178,FEUS
1179,FEUZ
1180,FEVR
1181,FEX
1182,FEZ
1183,FFEB
1184,FFEU
1185,FFHG
1186,FFIU
1187,FFLS
1188,FFND
1189,FFR
1190,FFSG
1191,FFTG
1192,FFTI
1193,FFTY
1194,FGD
1195,FGDL
1196,FGLD
1197,FGM
1198,FGRO
1199,FHK
1200,FHLC
1201,FHYS
1202,FIAX
1203,FIBR
1204,FICS
1205,FID
1206,FIDI
1207,FIDU
1208,FIEG
1209,FIG
1210,FIGB
1211,FIHD
1212,FIIG
1213,FILL
1214,FINX
1215,FINZ
1216,FISR
1217,FITE
1218,FIVA
1219,FIVG
1220,FIVR
1221,FIW
1222,FIXD
1223,FIXT
1224,FIYY
1225,FJAN
1226,FJP
1227,FJUL
1228,FJUN
1229,FKO
1230,FKU
1231,FLAT
1232,FLAU
1233,FLAX
1234,FLBL
1235,FLBR
1236,FLCA
1237,FLCB
1238,FLCH
1239,FLCO
1240,FLDR
1241,FLDZ
1242,FLEE
1243,FLEH
1244,FLEU
1245,FLFR
1246,FLGB
1247,FLGE
1248,FLGR
1249,FLGV
1250,FLHK
1251,FLHY
1252,FLIA
1253,FLIN
1254,FLIO
1255,FLIY
1256,FLJH
1257,FLJP
1258,FLKR
1259,FLLA
1260,FLLV
1261,FLM
1262,FLMB
1263,FLMI
1264,FLMX
1265,FLN
1266,FLOT
1267,FLQD
1268,FLQE
1269,FLQG
1270,FLQH
1271,FLQL
1272,FLQM
1273,FLQS
1274,FLRG
1275,FLRN
1276,FLRT
1277,FLSA
1278,FLSP
1279,FLSW
1280,FLTB
1281,FLTN
1282,FLTR
1283,FLTW
1284,FLUD
1285,FLV
1286,FLZA
1287,FM
1288,FMAG
1289,FMAR
1290,FMAT
1291,FMAY
1292,FMB
1293,FMCX
1294,FMED
1295,FMET
1296,FMF
1297,FMHI
1298,FMIL
1299,FMK
1300,FMNY
1301,FMQQ
1302,FNCL
1303,FNDA
1304,FNDB
1305,FNDC
1306,FNDE
1307,FNDF
1308,FNDX
1309,FNG
1310,FNGD
1311,FNGG
1312,FNGO
1313,FNGS
1314,FNGU
1315,FNI
1316,FNK
1317,FNOV
1318,FNTC
1319,FNX
1320,FNY
1321,FOCT
1322,FOMO
1323,FORH
1324,FOVL
1325,FPA
1326,FPAG
1327,FPE
1328,FPEI
1329,FPFD
1330,FPRO
1331,FPX
1332,FPXE
1333,FPXI
1334,FQAL
1335,FRAK
1336,FRDM
1337,FREL
1338,FRI
1339,FRLG
1340,FRN
1341,FRNW
1342,FRTY
1343,FSBD
1344,FSEC
1345,FSEP
1346,FSIG
1347,FSLD
1348,FSMB
1349,FSMD
1350,FSMO
1351,FSST
1352,FSTA
1353,FSYD
1354,FSZ
1355,FTA
1356,FTAG
1357,FTC
1358,FTCS
1359,FTDS
1360,FTEC
1361,FTGC
1362,FTGS
1363,FTHI
1364,FTIF
1365,FTLB
1366,FTLS
1367,FTQI
1368,FTRI
1369,FTSD
1370,FTSL
1371,FTSM
1372,FTVA
1373,FTWO
1374,FTXD
1375,FTXG
1376,FTXH
1377,FTXL
1378,FTXN
1379,FTXO
1380,FTXR
1381,FUD
1382,FUMB
1383,FUNL
1384,FUSI
1385,FUT
1386,FUTY
1387,FV
1388,FVAL
1389,FVC
1390,FVD
1391,FVL
1392,FWD
1393,FWDB
1394,FXA
1395,FXB
1396,FXC
1397,FXCH
1398,FXD
1399,FXE
1400,FXED
1401,FXF
1402,FXG
1403,FXH
1404,FXI
1405,FXL
1406,FXN
1407,FXO
1408,FXP
1409,FXR
1410,FXS
1411,FXSG
1412,FXU
1413,FXY
1414,FXZ
1415,FYC
1416,FYLD
1417,FYLG
1418,FYT
1419,FYX
1420,GAA
1421,GABF
1422,GAL
1423,GAMR
1424,GAPR
1425,GARD
1426,GASL
1427,GAST
1428,GASX
1429,GAUG
1430,GBDV
1431,GBF
1432,GBGR
1433,GBIL
1434,GBLD
1435,GBLO
1436,GBUG
1437,GBUY
1438,GCC
1439,GCIG
1440,GCLN
1441,GCOR
1442,GCOW
1443,GDAT
1444,GDE
1445,GDEF
1446,GDG
1447,GDIV
1448,GDMA
1449,GDMN
1450,GDNA
1451,GDOC
1452,GDVD
1453,GDX
1454,GDXD
1455,GDXJ
1456,GDXU
1457,GEM
1458,GEMD
1459,GENY
1460,GERM
1461,GEX
1462,GFEB
1463,GFGF
1464,GFIN
1465,GFOF
1466,GGLL
1467,GGLS
1468,GGME
1469,GGRW
1470,GHII
1471,GHTA
1472,GHYB
1473,GHYCF
1474,GHYG
1475,GIGB
1476,GIGE
1477,GII
1478,GINN
1479,GJUL
1480,GJUN
1481,GK
1482,GLBY
1483,GLD
1484,GLDB
1485,GLDM
1486,GLDX
1487,GLIF
1488,GLL
1489,GLOF
1490,GLOV
1491,GLRY
1492,GLTR
1493,GMAN
1494,GMAR
1495,GMAY
1496,GMET
1497,GMF
1498,GMOM
1499,GMUN
1500,GNAF
1501,GNMA
1502,GNOM
1503,GNR
1504,GOAT
1505,GOAU
1506,GOEX
1507,GOOY
1508,GOVI
1509,GOVT
1510,GOVZ
1511,GPAL
1512,GPOW
1513,GQRE
1514,GREI
1515,GREK
1516,GRES
1517,GRI
1518,GRID
1519,GRNB
1520,GRNR
1521,GRPM
1522,GRZZ
1523,GSC
1524,GSD
1525,GSEE
1526,GSEP
1527,GSEU
1528,GSEW
1529,GSFP
1530,GSG
1531,GSID
1532,GSIE
1533,GSIG
1534,GSJY
1535,GSLC
1536,GSP
1537,GSPY
1538,GSSC
1539,GSST
1540,GSUS
1541,GSY
1542,GTEK
1543,GTIP
1544,GTO
1545,GTR
1546,GUDB
1547,GULF
1548,GUNR
1549,GURU
1550,GUSA
1551,GUSH
1552,GVAL
1553,GVI
1554,GVIP
1555,GVLU
1556,GWX
1557,GXC
1558,GXF
1559,GXG
1560,GXTG
1561,GXUS
1562,GYLD
1563,HACK
1564,HAIL
1565,HAKD
1566,HAO
1567,HAP
1568,HAPI
1569,HAPS
1570,HAPY
1571,HARD
1572,HART
1573,HAUD
1574,HAUS
1575,HAUZ
1576,HAWX
1577,HBCGF
1578,HBNNF
1579,HBTPF
1580,HCMT
1581,HCOM
1582,HCOW
1583,HCRB
1584,HCXY
1585,HCXZ
1586,HDAW
1587,HDEF
1588,HDG
1589,HDGE
1590,HDIQF
1591,HDIV
1592,HDLB
1593,HDLS
1594,HDLV
1595,HDMV
1596,HDRO
1597,HDUS
1598,HDV
1599,HEAT
1600,HECO
1601,HEDJ
1602,HEEM
1603,HEET
1604,HEFA
1605,HEGD
1606,HEGE
1607,HELO
1608,HELX
1609,HEQT
1610,HERD
1611,HERO
1612,HEWC
1613,HEWG
1614,HEWI
1615,HEWJ
1616,HEWL
1617,HEWP
1618,HEWU
1619,HEWW
1620,HEWY
1621,HEZU
1622,HFGO
1623,HFND
1624,HFXE
1625,HFXI
1626,HFXJ
1627,HGER
1628,HGI
1629,HHFR
1630,HHH
1631,HIBL
1632,HIBS
1633,HIDE
1634,HIDV
1635,HIGH
1636,HIPS
1637,HISF
1638,HIYS
1639,HJEN
1640,HJPX
1641,HKND
1642,HLAL
1643,HLGE
1644,HMLSF
1645,HMOP
1646,HNDL
1647,HNUZF
1648,HOCT
1649,HOLD
1650,HOM
1651,HOML
1652,HOMZ
1653,HONR
1654,HOTL
1655,HSCZ
1656,HSMV
1657,HSPX
1658,HSRT
1659,HSUN
1660,HTAB
1661,HTEC
1662,HTFA
1663,HTRB
1664,HTUS
1665,HUSE
1666,HUSV
1667,HYBB
1668,HYBL
1669,HYCBF
1670,HYD
1671,HYDB
1672,HYDD
1673,HYDR
1674,HYDW
1675,HYEM
1676,HYFI
1677,HYG
1678,HYGH
1679,HYGI
1680,HYGV
1681,HYGW
1682,HYHG
1683,HYIH
1684,HYIN
1685,HYLB
1686,HYLD
1687,HYLG
1688,HYLS
1689,HYLV
1690,HYMB
1691,HYMU
1692,HYND
1693,HYRM
1694,HYS
1695,HYSA
1696,HYTR
1697,HYUP
1698,HYXE
1699,HYXU
1700,HYZD
1701,HZBRF
1702,HZNSF
1703,HZOZD
1704,HZOZF
1705,IAACF
1706,IAGG
1707,IAI
1708,IAK
1709,IAPR
1710,IAT
1711,IAU
1712,IAUF
1713,IAUM
1714,IBB
1715,IBBQ
1716,IBCD
1717,IBCE
1718,IBD
1719,IBDC
1720,IBDD
1721,IBDF
1722,IBDK
1723,IBDL
1724,IBDM
1725,IBDN
1726,IBDO
1727,IBDP
1728,IBDQ
1729,IBDR
1730,IBDS
1731,IBDT
1732,IBDU
1733,IBDV
1734,IBDW
1735,IBDX
1736,IBDY
1737,IBET
1738,IBGAF
1739,IBHA
1740,IBHB
1741,IBHC
1742,IBHD
1743,IBHE
1744,IBHF
1745,IBHG
1746,IBHH
1747,IBHI
1748,IBHJ
1749,IBIA
1750,IBIB
1751,IBIC
1752,IBID
1753,IBIE
1754,IBIF
1755,IBIG
1756,IBIH
1757,IBII
1758,IBIJ
1759,IBIT
1760,IBLC
1761,IBLN
1762,IBMI
1763,IBMJ
1764,IBMK
1765,IBML
1766,IBMM
1767,IBMN
1768,IBMO
1769,IBMP
1770,IBMQ
1771,IBMR
1772,IBND
1773,IBOT
1774,IBRN
1775,IBTB
1776,IBTD
1777,IBTE
1778,IBTF
1779,IBTG
1780,IBTH
1781,IBTI
1782,IBTJ
1783,IBTK
1784,IBTL
1785,IBTM
1786,IBTO
1787,IBUY
1788,ICAP
1789,ICBIF
1790,ICF
1791,ICLN
1792,ICLO
1793,ICNGF
1794,ICOL
1795,ICOP
1796,ICOW
1797,ICSH
1798,ICVT
1799,IDAT
1800,IDEV
1801,IDHD
1802,IDHQ
1803,IDIV
1804,IDLB
1805,IDLV
1806,IDME
1807,IDMO
1808,IDNA
1809,IDOG
1810,IDRV
1811,IDSEF
1812,IDU
1813,IDUB
1814,IDV
1815,IDVO
1816,IDX
1817,IDY
1818,IECS
1819,IEDGF
1820,IEDI
1821,IEF
1822,IEFA
1823,IEFN
1824,IEHS
1825,IEI
1826,IEIH
1827,IEMBF
1828,IEMD
1829,IEME
1830,IEMG
1831,IEMIF
1832,IEMMF
1833,IEMV
1834,IEMWF
1835,IEMXF
1836,IEO
1837,IERNF
1838,IETC
1839,IEUR
1840,IEUS
1841,IEV
1842,IEZ
1843,IFED
1844,IFEU
1845,IFGL
1846,IFIX
1847,IFLY
1848,IFRA
1849,IFV
1850,IG
1851,IGBH
1852,IGBSF
1853,IGCHF
1854,IGE
1855,IGEB
1856,IGF
1857,IGHG
1858,IGIB
1859,IGIH
1860,IGLB
1861,IGM
1862,IGN
1863,IGOV
1864,IGPT
1865,IGRO
1866,IGSB
1867,IGTR
1868,IGV
1869,IGVT
1870,IHAK
1871,IHDG
1872,IHE
1873,IHF
1874,IHHFF
1875,IHHSF
1876,IHI
1877,IHRMF
1878,IHSFF
1879,IHY
1880,IHYD
1881,IHYF
1882,IHYV
1883,IIGD
1884,IIGV
1885,IIREF
1886,IISGF
1887,IIXFF
1888,IJAN
1889,IJH
1890,IJJ
1891,IJK
1892,IJR
1893,IJS
1894,IJT
1895,IJUL
1896,ILCB
1897,ILCG
1898,ILCV
1899,ILDR
1900,ILF
1901,ILIT
1902,ILTB
1903,IMATF
1904,IMBXF
1905,IMCB
1906,IMCG
1907,IMCV
1908,IMDVF
1909,IMFD
1910,IMFI
1911,IMFL
1912,IMFP
1913,IMLP
1914,IMOM
1915,IMSBF
1916,IMSEF
1917,IMSI
1918,IMSIF
1919,IMSXF
1920,IMTB
1921,IMTM
1922,IMVEF
1923,IMWEF
1924,IMWSF
1925,INAG
1926,INAU
1927,INC
1928,INCO
1929,INDA
1930,INDE
1931,INDF
1932,INDL
1933,INDS
1934,INDY
1935,INFL
1936,INFR
1937,INKM
1938,INMU
1939,INQQ
1940,INTF
1941,INTL
1942,INXX
1943,IOCT
1944,ION
1945,IOO
1946,IOOXF
1947,IPAC
1948,IPAY
1949,IPDP
1950,IPF
1951,IPFF
1952,IPKW
1953,IPLCF
1954,IPO
1955,IPOS
1956,IPPIF
1957,IPPP
1958,IQDE
1959,IQDF
1960,IQDG
1961,IQDY
1962,IQHI
1963,IQIN
1964,IQLT
1965,IQM
1966,IQRA
1967,IQSHF
1968,IQSI
1969,IQSM
1970,IQSU
1971,IRBA
1972,IRBO
1973,IRESF
1974,IRHG
1975,IRRRF
1976,IRSIF
1977,IRVH
1978,ISACF
1979,ISAPF
1980,ISCB
1981,ISCBF
1982,ISCF
1983,ISCG
1984,ISCKF
1985,ISCRF
1986,ISCV
1987,ISCXF
1988,ISDB
1989,ISDDF
1990,ISDMF
1991,ISDS
1992,ISDX
1993,ISEJF
1994,ISELF
1995,ISEM
1996,ISEP
1997,ISESF
1998,ISFLF
1999,ISFRF
2000,ISGAF
2001,ISGBF
2002,ISGPF
2003,ISHAF
2004,ISHBF
2005,ISHDF
2006,ISHG
2007,ISHHF
2008,ISHP
2009,ISHUF
2010,ISHVF
2011,ISHWF
2012,ISHXF
2013,ISHYF
2014,ISJMF
2015,ISJPF
2016,ISMCF
2017,ISMD
2018,ISMMF
2019,ISMVF
2020,ISMXF
2021,ISQWF
2022,ISRA
2023,ISRCF
2024,ISRHF
2025,ISRIF
2026,ISRNF
2027,ISRUF
2028,ISRZF
2029,ISSHF
2030,ISSIF
2031,ISSRF
2032,ISSSF
2033,ISSVF
2034,ISSZF
2035,ISTB
2036,ISTXF
2037,ISUDF
2038,ISUUF
2039,ISVL
2040,ISVQF
2041,ISVUF
2042,ISVVF
2043,ISVXF
2044,ISWMF
2045,ISWN
2046,ISXIF
2047,ISXPF
2048,ISXVF
2049,ISXXF
2050,ISXYF
2051,ISZE
2052,ISZZF
2053,ITA
2054,ITAN
2055,ITB
2056,ITBFF
2057,ITEQ
2058,ITIPF
2059,ITM
2060,ITOT
2061,ITPUF
2062,ITRBF
2063,ITRYF
2064,ITSXF
2065,IUAGF
2066,IUNSF
2067,IUQFF
2068,IUS
2069,IUSA
2070,IUSB
2071,IUSG
2072,IUSHF
2073,IUSS
2074,IUSV
2075,IUSZF
2076,IUTCF
2077,IUTSF
2078,IUVDF
2079,IVAL
2080,IVBUF
2081,IVDG
2082,IVE
2083,IVEG
2084,IVES
2085,IVLC
2086,IVLU
2087,IVOG
2088,IVOL
2089,IVOO
2090,IVOV
2091,IVRA
2092,IVRS
2093,IVSG
2094,IVSPF
2095,IVSRF
2096,IVV
2097,IVVB
2098,IVVM
2099,IVVVF
2100,IVW
2101,IWATF
2102,IWB
2103,IWC
2104,IWD
2105,IWDL
2106,IWF
2107,IWFG
2108,IWFH
2109,IWFL
2110,IWIN
2111,IWL
2112,IWM
2113,IWML
2114,IWN
2115,IWO
2116,IWP
2117,IWR
2118,IWS
2119,IWTR
2120,IWV
2121,IWX
2122,IWY
2123,IXC
2124,IXG
2125,IXJ
2126,IXN
2127,IXP
2128,IXSE
2129,IXSRF
2130,IXUS
2131,IYC
2132,IYE
2133,IYF
2134,IYG
2135,IYH
2136,IYJ
2137,IYK
2138,IYLD
2139,IYM
2140,IYR
2141,IYT
2142,IYW
2143,IYY
2144,IYZ
2145,IZRL
2146,JAAA
2147,JAGG
2148,JANT
2149,JANW
2150,JANZ
2151,JAVA
2152,JBBB
2153,JCHI
2154,JCPB
2155,JCPI
2156,JCTR
2157,JDIV
2158,JDST
2159,JEMA
2160,JEPI
2161,JEPQ
2162,JEPY
2163,JETS
2164,JFWD
2165,JGBS
2166,JGLD
2167,JGLO
2168,JGRO
2169,JHCB
2170,JHCS
2171,JHDV
2172,JHEM
2173,JHMA
2174,JHMB
2175,JHMC
2176,JHMD
2177,JHME
2178,JHMF
2179,JHMH
2180,JHMI
2181,JHML
2182,JHMM
2183,JHMS
2184,JHMT
2185,JHMU
2186,JHPI
2187,JHSC
2188,JIB
2189,JIDA
2190,JIG
2191,JIGB
2192,JIRE
2193,JIVE
2194,JJG
2195,JJM
2196,JJT
2197,JKD
2198,JKE
2199,JKF
2200,JKG
2201,JKH
2202,JKI
2203,JKJ
2204,JKK
2205,JMBS
2206,JMEE
2207,JMHI
2208,JMIN
2209,JMOM
2210,JMPNL
2211,JMSI
2212,JMST
2213,JMUB
2214,JNK
2215,JNUG
2216,JO
2217,JOET
2218,JOJO
2219,JOYY
2220,JPAN
2221,JPED
2222,JPEF
2223,JPEM
2224,JPEU
2225,JPGB
2226,JPGE
2227,JPHY
2228,JPIE
2229,JPIH
2230,JPIN
2231,JPLD
2232,JPLS
2233,JPMB
2234,JPME
2235,JPMF
2236,JPMO
2237,JPMV
2238,JPN
2239,JPNL
2240,JPRE
2241,JPSE
2242,JPST
2243,JPSV
2244,JPUS
2245,JPXN
2246,JQUA
2247,JRE
2248,JRNY
2249,JSCP
2250,JSMD
2251,JSML
2252,JSTC
2253,JTEK
2254,JUCY
2255,JULD
2256,JULH
2257,JULJ
2258,JULQ
2259,JULT
2260,JULW
2261,JULZ
2262,JUNT
2263,JUNW
2264,JUNZ
2265,JUSA
2266,JUST
2267,JVAL
2268,JXI
2269,JZRO
2270,KALL
2271,KAPR
2272,KARB
2273,KARS
2274,KBA
2275,KBE
2276,KBND
2277,KBUY
2278,KBWB
2279,KBWD
2280,KBWP
2281,KBWR
2282,KBWY
2283,KCCA
2284,KCCB
2285,KCE
2286,KCNY
2287,KDIV
2288,KDRN
2289,KEJI
2290,KEMQ
2291,KEMX
2292,KESG
2293,KEUA
2294,KFVG
2295,KFYP
2296,KGHG
2297,KGRN
2298,KGRO
2299,KHYB
2300,KIE
2301,KJAN
2302,KJUL
2303,KLCD
2304,KLDW
2305,KLNE
2306,KLXY
2307,KMED
2308,KMET
2309,KMLM
2310,KNCT
2311,KNG
2312,KNGS
2313,KNGZ
2314,KNOW
2315,KOCG
2316,KOCT
2317,KOIN
2318,KOKU
2319,KOL
2320,KOLD
2321,KOMP
2322,KONG
2323,KOR
2324,KORP
2325,KORU
2326,KPOP
2327,KRBN
2328,KRE
2329,KRMA
2330,KROP
2331,KRUZ
2332,KSA
2333,KSCD
2334,KSEA
2335,KSET
2336,KSTR
2337,KTEC
2338,KURE
2339,KVLE
2340,KWEB
2341,KWT
2342,KXI
2343,LABD
2344,LABU
2345,LACK
2346,LALT
2347,LBAY
2348,LBJ
2349,LBND
2350,LCF
2351,LCG
2352,LCLG
2353,LCR
2354,LCTD
2355,LCTU
2356,LD
2357,LDEM
2358,LDRI
2359,LDRS
2360,LDSF
2361,LDUR
2362,LEAD
2363,LEGR
2364,LEMB
2365,LEND
2366,LETB
2367,LEXI
2368,LFEQ
2369,LGBT
2370,LGH
2371,LGLBF
2372,LGLV
2373,LGLZ
2374,LGOV
2375,LGRO
2376,LIT
2377,LITP
2378,LIV
2379,LJIM
2380,LKOR
2381,LMBS
2382,LMLB
2383,LMLP
2384,LNGG
2385,LNGR
2386,LOCT
2387,LONZ
2388,LOPP
2389,LOPX
2390,LOUP
2391,LOWC
2392,LOWV
2393,LQD
2394,LQDB
2395,LQDH
2396,LQDI
2397,LQDW
2398,LQIG
2399,LRET
2400,LRGC
2401,LRGE
2402,LRGF
2403,LRND
2404,LRNZ
2405,LSAF
2406,LSAT
2407,LSC
2408,LSGR
2409,LSLT
2410,LSST
2411,LTL
2412,LTPZ
2413,LTSF
2414,LTSK
2415,LTSL
2416,LUX
2417,LUXE
2418,LUXX
2419,LVHB
2420,LVHD
2421,LVHE
2422,LVHI
2423,LVIN
2424,LVL
2425,LVOL
2426,LVUS
2427,LWLDF
2428,LYFE
2429,LZRD
2430,MAAX
2431,MAGA
2432,MAGG
2433,MAKX
2434,MAMB
2435,MAPP
2436,MARB
2437,MART
2438,MARW
2439,MARZ
2440,MAXI
2441,MAYT
2442,MAYW
2443,MAYZ
2444,MBB
2445,MBBB
2446,MBCC
2447,MBND
2448,MBNE
2449,MBOX
2450,MBSD
2451,MCEF
2452,MCH
2453,MCHI
2454,MCRO
2455,MCSE
2456,MCX
2457,MDCP
2458,MDEV
2459,MDIV
2460,MDLQ
2461,MDLV
2462,MDY
2463,MDYG
2464,MDYV
2465,MEAR
2466,MEDI
2467,MEM
2468,MENV
2469,METV
2470,MEXX
2471,MFDX
2472,MFEM
2473,MFLX
2474,MFMS
2475,MFUL
2476,MFUS
2477,MGC
2478,MGK
2479,MGMT
2480,MGOV
2481,MGV
2482,MHLA
2483,MID
2484,MIDE
2485,MIDF
2486,MIDU
2487,MIDZ
2488,MIG
2489,MILN
2490,MINC
2491,MINN
2492,MINO
2493,MINT
2494,MINV
2495,MISL
2496,MJ
2497,MJIN
2498,MJUS
2499,MJXL
2500,MKAM
2501,MKOR
2502,MLN
2503,MLPA
2504,MLPG
2505,MLPN
2506,MLPQ
2507,MLPR
2508,MLPX
2509,MLPY
2510,MLPZ
2511,MLTI
2512,MMCA
2513,MMIN
2514,MMIT
2515,MMLG
2516,MMSB
2517,MMSC
2518,MMTM
2519,MNA
2520,MNBD
2521,MNM
2522,MOAT
2523,MODL
2524,MOHR
2525,MOM
2526,MOO
2527,MOOD
2528,MOON
2529,MORE
2530,MORT
2531,MOTE
2532,MOTG
2533,MOTI
2534,MOTO
2535,MPRO
2536,MRAD
2537,MRCCL
2538,MRGR
2539,MRJOF
2540,MRND
2541,MRRL
2542,MRSK
2543,MSFD
2544,MSFO
2545,MSFU
2546,MSGR
2547,MSMR
2548,MSOS
2549,MSOX
2550,MSTB
2551,MSTI
2552,MSTQ
2553,MSUS
2554,MSVX
2555,MTGP
2556,MTUM
2557,MTVR
2558,MUB
2559,MUBDF
2560,MUNI
2561,MUSI
2562,MUSQ
2563,MUST
2564,MUTE
2565,MVCD
2566,MVIN
2567,MVP
2568,MVPS
2569,MVRL
2570,MVV
2571,MXDE
2572,MXDU
2573,MXI
2574,MYY
2575,MZZ
2576,NACP
2577,NAIL
2578,NANC
2579,NANR
2580,NAPR
2581,NBCC
2582,NBCM
2583,NBCT
2584,NBDS
2585,NDIA
2586,NDIV
2587,NDJI
2588,NDVG
2589,NEAR
2590,NEED
2591,NERD
2592,NETL
2593,NETZ
2594,NFLT
2595,NFLY
2596,NFO
2597,NFRA
2598,NFTY
2599,NFTZ
2600,NGE
2601,NIB
2602,NIFE
2603,NIKL
2604,NIWM
2605,NJAN
2606,NJUL
2607,NKEL
2608,NKEQ
2609,NLR
2610,NOBL
2611,NOCT
2612,NOPE
2613,NORW
2614,NRGD
2615,NSCS
2616,NSPI
2617,NSPL
2618,NSPY
2619,NTKI
2620,NTRL
2621,NTSE
2622,NTSI
2623,NTSX
2624,NTZG
2625,NTZO
2626,NUAG
2627,NUBD
2628,NUDM
2629,NUDV
2630,NUEM
2631,NUGO
2632,NUGT
2633,NUHY
2634,NULC
2635,NULG
2636,NULV
2637,NUMG
2638,NUMV
2639,NURE
2640,NUSA
2641,NUSC
2642,NUSI
2643,NVBT
2644,NVBW
2645,NVD
2646,NVDD
2647,NVDL
2648,NVDS
2649,NVDU
2650,NVDY
2651,NVIR
2652,NVQ
2653,NWLG
2654,NXTE
2655,NXTG
2656,NYF
2657,NZAC
2658,NZRO
2659,NZUS
2660,OACP
2661,OAEM
2662,OAIB
2663,OAIE
2664,OAIM
2665,OALC
2666,OARK
2667,OBIL
2668,OBND
2669,OBOR
2670,OCEN
2671,OCIO
2672,OCTD
2673,OCTH
2674,OCTJ
2675,OCTQ
2676,OCTT
2677,OCTW
2678,OCTZ
2679,ODDS
2680,OEF
2681,OEUR
2682,OFSSZ
2683,OGIG
2684,OIH
2685,OILD
2686,OILK
2687,OILU
2688,OILX
2689,OLD
2690,OLEM
2691,OMFL
2692,OMFS
2693,OMOM
2694,OND
2695,ONEK
2696,ONEO
2697,ONEQ
2698,ONEV
2699,ONEY
2700,ONG
2701,ONLN
2702,ONOF
2703,OOTO
2704,OPER
2705,OPPX
2706,OQAL
2707,ORFN
2708,ORG
2709,OSCV
2710,OSEA
2711,OSIZ
2712,OUNZ
2713,OUSA
2714,OUSM
2715,OVB
2716,OVF
2717,OVL
2718,OVLH
2719,OVLU
2720,OVM
2721,OVOL
2722,OVS
2723,OVT
2724,OWNS
2725,OYLD
2726,PAAA
2727,PAB
2728,PABU
2729,PACA
2730,PAK
2731,PALC
2732,PALL
2733,PAMC
2734,PAPR
2735,PASS
2736,PAUG
2737,PAVE
2738,PAWZ
2739,PBB
2740,PBD
2741,PBDC
2742,PBDM
2743,PBE
2744,PBEE
2745,PBJ
2746,PBL
2747,PBND
2748,PBP
2749,PBS
2750,PBTP
2751,PBUG
2752,PBUS
2753,PBW
2754,PBY
2755,PCEF
2756,PCGG
2757,PCRB
2758,PCY
2759,PDBA
2760,PDBC
2761,PDEC
2762,PDN
2763,PDP
2764,PEJ
2765,PEK
2766,PEMX
2767,PEX
2768,PEXL
2769,PEY
2770,PEZ
2771,PFEB
2772,PFEL
2773,PFES
2774,PFF
2775,PFFA
2776,PFFD
2777,PFFR
2778,PFFV
2779,PFI
2780,PFIG
2781,PFIX
2782,PFLD
2783,PFM
2784,PFRL
2785,PFUT
2786,PFXF
2787,PGAL
2788,PGF
2789,PGHY
2790,PGJ
2791,PGRO
2792,PGX
2793,PHB
2794,PHDG
2795,PHO
2796,PHYD
2797,PHYL
2798,PICB
2799,PICK
2800,PID
2801,PIE
2802,PIFI
2803,PILL
2804,PILS
2805,PIN
2806,PINK
2807,PIO
2808,PIZ
2809,PJAN
2810,PJFG
2811,PJFV
2812,PJP
2813,PJUL
2814,PJUN
2815,PKB
2816,PKW
2817,PLAT
2818,PLC
2819,PLCY
2820,PLDR
2821,PLRG
2822,PLTL
2823,PLTM
2824,PLW
2825,PMAR
2826,PMAY
2827,PMOM
2828,PMPT
2829,PMR
2830,PNOV
2831,PNQI
2832,POCT
2833,POTX
2834,POWA
2835,PP
2836,PPA
2837,PPDM
2838,PPEM
2839,PPH
2840,PPI
2841,PPIE
2842,PPLC
2843,PPLT
2844,PPMC
2845,PPSC
2846,PPTY
2847,PQDI
2848,PQSG
2849,PRAY
2850,PREF
2851,PRF
2852,PRFZ
2853,PRID
2854,PRN
2855,PRNT
2856,PRPEF
2857,PRS
2858,PRVT
2859,PSC
2860,PSCC
2861,PSCD
2862,PSCE
2863,PSCF
2864,PSCH
2865,PSCI
2866,PSCJ
2867,PSCM
2868,PSCQ
2869,PSCT
2870,PSCU
2871,PSCW
2872,PSCX
2873,PSDM
2874,PSDN
2875,PSEP
2876,PSET
2877,PSFD
2878,PSFF
2879,PSFJ
2880,PSFM
2881,PSFO
2882,PSI
2883,PSIL
2884,PSJ
2885,PSK
2886,PSL
2887,PSM
2888,PSMB
2889,PSMC
2890,PSMD
2891,PSMG
2892,PSMJ
2893,PSMM
2894,PSMO
2895,PSMR
2896,PSP
2897,PSQ
2898,PSR
2899,PST
2900,PSTP
2901,PSWD
2902,PSY
2903,PSYK
2904,PTBD
2905,PTEC
2906,PTEU
2907,PTF
2908,PTH
2909,PTIN
2910,PTLC
2911,PTMC
2912,PTMN
2913,PTNQ
2914,PTRB
2915,PUI
2916,PULS
2917,PULT
2918,PUNK
2919,PUTD
2920,PUTW
2921,PVAL
2922,PVI
2923,PWB
2924,PWC
2925,PWS
2926,PWV
2927,PWZ
2928,PXE
2929,PXF
2930,PXH
2931,PXI
2932,PXJ
2933,PXLV
2934,PXMV
2935,PXQ
2936,PXSV
2937,PXUS
2938,PY
2939,PYLD
2940,PYPS
2941,PYPT
2942,PYPY
2943,PYS
2944,PYZ
2945,PZA
2946,PZD
2947,PZT
2948,QABA
2949,QAI
2950,QARP
2951,QAT
2952,QCLN
2953,QCLR
2954,QCON
2955,QDEC
2956,QDEF
2957,QDF
2958,QDIV
2959,QDPL
2960,QDYN
2961,QED
2962,QEFA
2963,QEMM
2964,QGRO
2965,QGRW
2966,QGTA
2967,QID
2968,QINT
2969,QIS
2970,QJUN
2971,QKOR
2972,QLC
2973,QLD
2974,QLS
2975,QLTA
2976,QLV
2977,QLVD
2978,QLVE
2979,QMAR
2980,QMJ
2981,QMN
2982,QMOM
2983,QPFF
2984,QPT
2985,QPX
2986,QQC
2987,QQD
2988,QQEW
2989,QQH
2990,QQJG
2991,QQMG
2992,QQQ
2993,QQQA
2994,QQQE
2995,QQQJ
2996,QQQM
2997,QQQN
2998,QQQS
2999,QQQY
3000,QQXT
3001,QRFT
3002,QRMI
3003,QSPT
3004,QSWN
3005,QSY
3006,QTAP
3007,QTEC
3008,QTJA
3009,QTJL
3010,QTOC
3011,QTR
3012,QTUM
3013,QTWN
3014,QUAL
3015,QULL
3016,QUS
3017,QVAL
3018,QVCD
3019,QVM
3020,QVML
3021,QVMM
3022,QVMS
3023,QVOY
3024,QWLD
3025,QWST
3026,QXRR
3027,QYLD
3028,QYLE
3029,QYLG
3030,RAAX
3031,RAFE
3032,RALS
3033,RATE
3034,RAVI
3035,RAYC
3036,RAYD
3037,RAYE
3038,RAYS
3039,RBIN
3040,RBLD
3041,RBND
3042,RBUS
3043,RCD
3044,RDFI
3045,RDIV
3046,RDMX
3047,RDOG
3048,RDVI
3049,RDVY
3050,REC
3051,RECS
3052,REDV
3053,REEM
3054,REET
3055,REFA
3056,REGL
3057,REIT
3058,REK
3059,REM
3060,REMG
3061,REMX
3062,RENW
3063,RESD
3064,RESE
3065,RESP
3066,RETL
3067,REVS
3068,REW
3069,REZ
3070,RFAP
3071,RFCI
3072,RFDA
3073,RFDI
3074,RFEM
3075,RFEU
3076,RFFC
3077,RFG
3078,RFUN
3079,RFV
3080,RGI
3081,RGLB
3082,RHCB
3083,RHRX
3084,RHS
3085,RHTX
3086,RIDV
3087,RIET
3088,RIGS
3089,RIGZ
3090,RILYI
3091,RINC
3092,RINF
3093,RING
3094,RISE
3095,RISN
3096,RISR
3097,RITA
3098,RJA
3099,RJN
3100,RLY
3101,RMIF
3102,RNDM
3103,RNDV
3104,RNEM
3105,RNEW
3106,RNLC
3107,RNMC
3108,RNRG
3109,RNSC
3110,RNWZ
3111,ROAM
3112,ROBO
3113,ROBT
3114,ROCI
3115,RODE
3116,RODI
3117,RODM
3118,ROE
3119,ROGS
3120,ROKT
3121,ROM
3122,ROMO
3123,ROOF
3124,RORE
3125,RORO
3126,ROSC
3127,ROUS
3128,ROYA
3129,RPAR
3130,RPG
3131,RPHS
3132,RPUT
3133,RPV
3134,RRH
3135,RSBT
3136,RSCO
3137,RSEE
3138,RSHO
3139,RSP
3140,RSPC
3141,RSPD
3142,RSPE
3143,RSPF
3144,RSPG
3145,RSPH
3146,RSPM
3147,RSPN
3148,RSPR
3149,RSPS
3150,RSPT
3151,RSPU
3152,RSPY
3153,RSST
3154,RSX
3155,RSXJ
3156,RTAI
3157,RTH
3158,RTM
3159,RTYD
3160,RUFF
3161,RULE
3162,RUNN
3163,RUSL
3164,RUSS
3165,RVNU
3166,RVRB
3167,RVRS
3168,RWCD
3169,RWDC
3170,RWDE
3171,RWED
3172,RWGV
3173,RWIU
3174,RWJ
3175,RWK
3176,RWL
3177,RWLS
3178,RWM
3179,RWO
3180,RWR
3181,RWSL
3182,RWUI
3183,RWVG
3184,RWW
3185,RWX
3186,RXD
3187,RXI
3188,RXL
3189,RYBPF
3190,RYE
3191,RYF
3192,RYH
3193,RYJ
3194,RYLD
3195,RYLG
3196,RYSE
3197,RYT
3198,RYU
3199,RYZZ
3200,RZG
3201,RZV
3202,SAA
3203,SAB
3204,SAEF
3205,SAF
3206,SAGG
3207,SAGP
3208,SAMT
3209,SARK
3210,SATO
3211,SAUG
3212,SAVN
3213,SBB
3214,SBIO
3215,SBM
3216,SBND
3217,SBUG
3218,SBV
3219,SCAP
3220,SCC
3221,SCDL
3222,SCHA
3223,SCHB
3224,SCHC
3225,SCHD
3226,SCHE
3227,SCHF
3228,SCHG
3229,SCHH
3230,SCHI
3231,SCHJ
3232,SCHK
3233,SCHM
3234,SCHO
3235,SCHP
3236,SCHQ
3237,SCHR
3238,SCHV
3239,SCHX
3240,SCHY
3241,SCHZ
3242,SCID
3243,SCIF
3244,SCIJ
3245,SCIU
3246,SCIX
3247,SCJ
3248,SCMB
3249,SCO
3250,SCOM
3251,SCRD
3252,SCYB
3253,SCZ
3254,SDAG
3255,SDCI
3256,SDD
3257,SDEF
3258,SDEI
3259,SDEM
3260,SDG
3261,SDGA
3262,SDIV
3263,SDOG
3264,SDOW
3265,SDP
3266,SDS
3267,SDSI
3268,SDVD
3269,SDVY
3270,SDY
3271,SDYL
3272,SEA
3273,SECD
3274,SECT
3275,SECTF
3276,SEF
3277,SEIM
3278,SEIQ
3279,SEIV
3280,SEIX
3281,SELV
3282,SEMI
3283,SENT
3284,SEPT
3285,SEPW
3286,SEPZ
3287,SESG
3288,SETM
3289,SFHY
3290,SFIG
3291,SFLR
3292,SFY
3293,SFYF
3294,SFYX
3295,SGACF
3296,SGDJ
3297,SGDM
3298,SGG
3299,SGGSF
3300,SGLC
3301,SGOL
3302,SGOV
3303,SGPDF
3304,SGSRF
3305,SGSSF
3306,SH
3307,SHAG
3308,SHDG
3309,SHE
3310,SHFT
3311,SHLD
3312,SHM
3313,SHNY
3314,SHOC
3315,SHPP
3316,SHUS
3317,SHV
3318,SHY
3319,SHYD
3320,SHYG
3321,SHYL
3322,SIFI
3323,SIHY
3324,SIJ
3325,SIL
3326,SILJ
3327,SILX
3328,SIMS
3329,SINV
3330,SIO
3331,SIRLF
3332,SIVR
3333,SIXA
3334,SIXH
3335,SIXJ
3336,SIXL
3337,SIXO
3338,SIXS
3339,SIZ
3340,SIZE
3341,SJB
3342,SJIM
3343,SJNK
3344,SKF
3345,SKOR
3346,SKYU
3347,SKYY
3348,SLIM
3349,SLQD
3350,SLT
3351,SLV
3352,SLVO
3353,SLVP
3354,SLX
3355,SLY
3356,SLYG
3357,SLYV
3358,SMAY
3359,SMB
3360,SMCP
3361,SMDD
3362,SMDV
3363,SMDY
3364,SMEZ
3365,SMH
3366,SMHB
3367,SMI
3368,SMIG
3369,SMIN
3370,SMIZ
3371,SMLE
3372,SMLF
3373,SMLL
3374,SMLV
3375,SMMD
3376,SMMU
3377,SMMV
3378,SMN
3379,SMOG
3380,SMOT
3381,SMRI
3382,SMWCF
3383,SMWFF
3384,SNAV
3385,SNLN
3386,SNPD
3387,SNPE
3388,SNPG
3389,SNPV
3390,SNSR
3391,SNUG
3392,SOCL
3393,SOGU
3394,SOIL
3395,SOJA
3396,SOJB
3397,SOJC
3398,SOLR
3399,SOP
3400,SOVB
3401,SOVF
3402,SOXL
3403,SOXQ
3404,SOXS
3405,SOXX
3406,SOYB
3407,SPAB
3408,SPAK
3409,SPAX
3410,SPBC
3411,SPBGF
3412,SPBO
3413,SPC
3414,SPCX
3415,SPCZ
3416,SPD
3417,SPDG
3418,SPDN
3419,SPDRF
3420,SPDV
3421,SPDW
3422,SPEM
3423,SPEU
3424,SPFF
3425,SPGM
3426,SPGP
3427,SPHB
3428,SPHD
3429,SPHQ
3430,SPHY
3431,SPIB
3432,SPIP
3433,SPKX
3434,SPKY
3435,SPLB
3436,SPLG
3437,SPLV
3438,SPMB
3439,SPMD
3440,SPMO
3441,SPMV
3442,SPRE
3443,SPRX
3444,SPSB
3445,SPSK
3446,SPSM
3447,SPTI
3448,SPTL
3449,SPTM
3450,SPTS
3451,SPUC
3452,SPUS
3453,SPUU
3454,SPVM
3455,SPVU
3456,SPXB
3457,SPXE
3458,SPXL
3459,SPXN
3460,SPXS
3461,SPXT
3462,SPXU
3463,SPXV
3464,SPXZ
3465,SPY
3466,SPYB
3467,SPYC
3468,SPYD
3469,SPYG
3470,SPYI
3471,SPYV
3472,SPYX
3473,SQEW
3474,SQLV
3475,SQQQ
3476,SRET
3477,SRHQ
3478,SRLN
3479,SROI
3480,SRS
3481,SRTY
3482,SRVR
3483,SSCDF
3484,SSDRF
3485,SSEEF
3486,SSEHF
3487,SSEUF
3488,SSEXF
3489,SSFI
3490,SSG
3491,SSGAF
3492,SSGBF
3493,SSGFF
3494,SSGMF
3495,SSGUF
3496,SSGWF
3497,SSGXF
3498,SSLY
3499,SSO
3500,SSPX
3501,SSPY
3502,SSSEF
3503,SSSPF
3504,SSSXF
3505,SST
3506,SSUS
3507,SSWA
3508,SSWRF
3509,SSXU
3510,STBL
3511,STCE
3512,STGF
3513,STIP
3514,STLG
3515,STLV
3516,STNC
3517,STOT
3518,STPZ
3519,STRV
3520,STXD
3521,STXE
3522,STXG
3523,STXK
3524,STXT
3525,STXV
3526,SUB
3527,SUBS
3528,SUBZ
3529,SUNY
3530,SUPL
3531,SUPP
3532,SURE
3533,SURI
3534,SUSA
3535,SUSB
3536,SUSC
3537,SUSL
3538,SUSMF
3539,SVAL
3540,SVIX
3541,SVOL
3542,SVXY
3543,SWAN
3544,SWAR
3545,SWEB
3546,SWOOF
3547,SXLBF
3548,SXQG
3549,SXUS
3550,SYE
3551,SYG
3552,SYII
3553,SYLD
3554,SYNB
3555,SYUS
3556,SYV
3557,SZK
3558,SZNE
3559,TACK
3560,TAFI
3561,TAGG
3562,TAGS
3563,TAIL
3564,TAN
3565,TAO
3566,TAPR
3567,TARK
3568,TAWK
3569,TAXF
3570,TBF
3571,TBIL
3572,TBJL
3573,TBLU
3574,TBND
3575,TBT
3576,TBUX
3577,TBX
3578,TCAF
3579,TCHI
3580,TCHP
3581,TCLD
3582,TCTL
3583,TDIV
3584,TDSA
3585,TDSB
3586,TDSC
3587,TDSD
3588,TDSE
3589,TDTF
3590,TDTT
3591,TDV
3592,TDVG
3593,TDVI
3594,TECB
3595,TECL
3596,TECS
3597,TEMP
3598,TENG
3599,TEQI
3600,TERM
3601,TETF
3602,TFI
3603,TFIV
3604,TFJL
3605,TFLO
3606,TFLR
3607,TFLT
3608,TFPN
3609,TGIF
3610,TGLR
3611,TGN
3612,TGRT
3613,TGRW
3614,THCX
3615,THD
3616,THLV
3617,THNQ
3618,THRGF
3619,THRK
3620,THY
3621,THYF
3622,TILL
3623,TILT
3624,TIME
3625,TINT
3626,TINY
3627,TIP
3628,TIPD
3629,TIPX
3630,TIPZ
3631,TJUL
3632,TLDH
3633,TLEH
3634,TLH
3635,TLO
3636,TLT
3637,TLTD
3638,TLTE
3639,TLTW
3640,TMAT
3641,TMDV
3642,TMET
3643,TMF
3644,TMFC
3645,TMFE
3646,TMFG
3647,TMFM
3648,TMFS
3649,TMFX
3650,TMSL
3651,TMV
3652,TNA
3653,TOK
3654,TOKE
3655,TOLL
3656,TOLZ
3657,TOTL
3658,TOTR
3659,TOUS
3660,TPAY
3661,TPHD
3662,TPHE
3663,TPIF
3664,TPLC
3665,TPLE
3666,TPOR
3667,TPSC
3668,TPVY
3669,TPYP
3670,TQQQ
3671,TRDF
3672,TRFK
3673,TRFM
3674,TRND
3675,TRPL
3676,TRTY
3677,TRYP
3678,TSDD
3679,TSEC
3680,TSJA
3681,TSL
3682,TSLH
3683,TSLI
3684,TSLL
3685,TSLQ
3686,TSLR
3687,TSLS
3688,TSLY
3689,TSME
3690,TSOC
3691,TSPA
3692,TTAC
3693,TTAI
3694,TTT
3695,TUA
3696,TUG
3697,TUGN
3698,TUNE
3699,TUR
3700,TUSA
3701,TUSI
3702,TUZ
3703,TVAL
3704,TWAR
3705,TWEB
3706,TWIO
3707,TWM
3708,TXMIF
3709,TXS
3710,TYA
3711,TYBS
3712,TYD
3713,TYLG
3714,TYNE
3715,TYO
3716,TZA
3717,UAE
3718,UAPR
3719,UAUD
3720,UAUG
3721,UBCB
3722,UBG
3723,UBM
3724,UBND
3725,UBOT
3726,UBR
3727,UBT
3728,UCC
3729,UCHF
3730,UCIB
3731,UCO
3732,UCOM
3733,UCON
3734,UCRD
3735,UCYB
3736,UDEC
3737,UDI
3738,UDIV
3739,UDN
3740,UDOW
3741,UEUR
3742,UEVM
3743,UFEB
3744,UFIV
3745,UFO
3746,UGA
3747,UGBP
3748,UGCE
3749,UGE
3750,UGL
3751,UITB
3752,UIVM
3753,UJAN
3754,UJB
3755,UJPY
3756,UJUL
3757,UJUN
3758,ULBR
3759,ULE
3760,ULST
3761,ULTR
3762,ULVM
3763,UMAR
3764,UMAY
3765,UMDD
3766,UMI
3767,UMMA
3768,UNG
3769,UNIY
3770,UNL
3771,UNMA
3772,UNOV
3773,UOCT
3774,UPAR
3775,UPGR
3776,UPRO
3777,UPV
3778,UPW
3779,UPWD
3780,URA
3781,URE
3782,URNJ
3783,URNM
3784,URR
3785,URTH
3786,URTY
3787,USAI
3788,USBF
3789,USCA
3790,USCI
3791,USCL
3792,USD
3793,USDU
3794,USDY
3795,USE
3796,USEP
3797,USEQ
3798,USFI
3799,USFR
3800,USHG
3801,USHY
3802,USI
3803,USIG
3804,USL
3805,USLB
3806,USMC
3807,USMF
3808,USML
3809,USMV
3810,USNZ
3811,USO
3812,USOD
3813,USOU
3814,USPX
3815,USRT
3816,USSE
3817,USSG
3818,UST
3819,USTB
3820,USUTF
3821,USVM
3822,USVN
3823,USVT
3824,USXF
3825,UTEN
3826,UTES
3827,UTHY
3828,UTRE
3829,UTRN
3830,UTSL
3831,UTWO
3832,UTWY
3833,UUP
3834,UVIX
3835,UVXY
3836,UWM
3837,UXI
3838,UYG
3839,UYLD
3840,UYM
3841,UZB
3842,VABS
3843,VALQ
3844,VALT
3845,VALX
3846,VAMO
3847,VAW
3848,VB
3849,VBB
3850,VBK
3851,VBND
3852,VBR
3853,VCAR
3854,VCEB
3855,VCIT
3856,VCLN
3857,VCLO
3858,VCLT
3859,VCR
3860,VCRPF
3861,VCSH
3862,VDC
3863,VDE
3864,VDNI
3865,VEA
3866,VEGA
3867,VEGI
3868,VEGN
3869,VEMGF
3870,VEMY
3871,VERS
3872,VETZ
3873,VEU
3874,VFAWF
3875,VFDEF
3876,VFEAF
3877,VFH
3878,VFIN
3879,VFLO
3880,VFLQ
3881,VFMF
3882,VFMO
3883,VFMV
3884,VFPAF
3885,VFPEF
3886,VFQY
3887,VFUUF
3888,VFVA
3889,VGDFF
3890,VGDTF
3891,VGDVF
3892,VGFFF
3893,VGFO
3894,VGFPF
3895,VGFUF
3896,VGIT
3897,VGK
3898,VGLT
3899,VGRDF
3900,VGRSF
3901,VGSH
3902,VGT
3903,VGUDF
3904,VHT
3905,VICE
3906,VIDG
3907,VIDI
3908,VIG
3909,VIGI
3910,VIOG
3911,VIOO
3912,VIOV
3913,VIRS
3914,VIS
3915,VIXM
3916,VIXY
3917,VLML
3918,VLU
3919,VLUE
3920,VMAT
3921,VMBS
3922,VMOT
3923,VNAM
3924,VNFGF
3925,VNGBF
3926,VNGCF
3927,VNGDF
3928,VNGGF
3929,VNGLF
3930,VNGUF
3931,VNLA
3932,VNM
3933,VNMC
3934,VNNGF
3935,VNQ
3936,VNQI
3937,VNSE
3938,VO
3939,VOE
3940,VONE
3941,VONG
3942,VONV
3943,VOO
3944,VOOG
3945,VOOV
3946,VOT
3947,VOTE
3948,VOX
3949,VPC
3950,VPL
3951,VPLCF
3952,VPN
3953,VPOP
3954,VPU
3955,VQT
3956,VR
3957,VRAI
3958,VRGFF
3959,VRIG
3960,VRP
3961,VSDA
3962,VSGX
3963,VSL
3964,VSLU
3965,VSMV
3966,VSPY
3967,VSS
3968,VT
3969,VTC
3970,VTEB
3971,VTES
3972,VTHR
3973,VTI
3974,VTIP
3975,VTV
3976,VTWG
3977,VTWO
3978,VTWV
3979,VUG
3980,VUSB
3981,VUSE
3982,VV
3983,VWI
3984,VWO
3985,VWOB
3986,VXF
3987,VXUS
3988,VXZB
3989,VYM
3990,VYMI
3991,WABF
3992,WALA
3993,WANT
3994,WBAL
3995,WBAT
3996,WBIB
3997,WBIC
3998,WBID
3999,WBIE
4000,WBIF
4001,WBIG
4002,WBIH
4003,WBII
4004,WBIL
4005,WBIN
4006,WBIR
4007,WBIT
4008,WBIY
4009,WBND
4010,WCBR
4011,WCEO
4012,WCHN
4013,WCLD
4014,WDIV
4015,WDNA
4016,WDRW
4017,WEAT
4018,WEBL
4019,WEBS
4020,WEED
4021,WEIX
4022,WFH
4023,WFHY
4024,WFIG
4025,WGLD
4026,WGMI
4027,WGRO
4028,WHFBZ
4029,WIL
4030,WINC
4031,WINN
4032,WIP
4033,WIZ
4034,WIZE
4035,WKLY
4036,WLDR
4037,WLTG
4038,WLTH
4039,WNDY
4040,WOMN
4041,WOOD
4042,WPS
4043,WRND
4044,WTAI
4045,WTID
4046,WTIU
4047,WTMF
4048,WTTHF
4049,WTV
4050,WUGI
4051,WWJD
4052,WWOW
4053,XAR
4054,XAUG
4055,XB
4056,XBAP
4057,XBB
4058,XBI
4059,XBIL
4060,XBJA
4061,XBJL
4062,XBOC
4063,XBTF
4064,XBUY
4065,XC
4066,XCCC
4067,XCEM
4068,XCLR
4069,XCOM
4070,XCOR
4071,XDAP
4072,XDAT
4073,XDEC
4074,XDJA
4075,XDJL
4076,XDNA
4077,XDOC
4078,XDQQ
4079,XDSQ
4080,XDWFF
4081,XDWHF
4082,XEMD
4083,XES
4084,XFIV
4085,XFIX
4086,XHB
4087,XHE
4088,XHLF
4089,XHS
4090,XHYC
4091,XHYD
4092,XHYE
4093,XHYF
4094,XHYH
4095,XHYI
4096,XHYT
4097,XINA
4098,XISE
4099,XITK
4100,XJH
4101,XJR
4102,XJUL
4103,XJUN
4104,XKCP
4105,XKFF
4106,XKII
4107,XKST
4108,XLB
4109,XLC
4110,XLE
4111,XLEY
4112,XLF
4113,XLG
4114,XLI
4115,XLK
4116,XLP
4117,XLRE
4118,XLSR
4119,XLSY
4120,XLTY
4121,XLU
4122,XLUY
4123,XLV
4124,XLY
4125,XMAR
4126,XME
4127,XMHQ
4128,XMLV
4129,XMMO
4130,XMPT
4131,XMVM
4132,XNAV
4133,XNTK
4134,XOMO
4135,XOP
4136,XOUT
4137,XPH
4138,XPND
4139,XPP
4140,XRLV
4141,XRMI
4142,XRT
4143,XSD
4144,XSEP
4145,XSHD
4146,XSHQ
4147,XSLV
4148,XSMO
4149,XSOE
4150,XSVM
4151,XSVN
4152,XSW
4153,XT
4154,XTAP
4155,XTEN
4156,XTH
4157,XTJA
4158,XTJL
4159,XTL
4160,XTN
4161,XTOC
4162,XTR
4163,XTRE
4164,XTRIF
4165,XTRKF
4166,XTRTF
4167,XTRXF
4168,XTWO
4169,XTWY
4170,XUFNF
4171,XUSP
4172,XVOL
4173,XVV
4174,XWEB
4175,XYLE
4176,XYLG
4177,YALL
4178,YANG
4179,YCL
4180,YCOM
4181,YCS
4182,YDEC
4183,YEAR
4184,YESR
4185,YGRN
4186,YINN
4187,YJUN
4188,YLCO
4189,YLD
4190,YLDE
4191,YMAR
4192,YMLP
4193,YOLO
4194,YPS
4195,YSEP
4196,YUMY
4197,YXI
4198,YYY
4199,ZALT
4200,ZBIO
4201,ZBK
4202,ZDEU
4203,ZECP
4204,ZGBR
4205,ZGEN
4206,ZHDG
4207,ZHOK
4208,ZIG
4209,ZIVB
4210,ZJPN
4211,ZMLP
4212,ZPRVF
4213,ZROZ
4214,ZSC
4215,ZSL
4216,ZSPY
4217,ZTAX
